{"cameraMode":{"drawMode":0,"name":"Shaded","section":"Shading Mode"},"sceneLighting":true,"audioPlay":false,"sceneViewState":{"m_AlwaysRefresh":false,"showFog":true,"showSkybox":true,"showFlares":true,"showImageEffects":true,"showParticleSystems":true,"showVisualEffectGraphs":true,"m_FxEnabled":true},"in2DMode":false,"pivot":{"x":3.473910093307495,"y":13.775605201721192,"z":21.052671432495118},"rotation":{"x":-0.010876529850065709,"y":0.9754453301429749,"z":-0.21435193717479707,"w":-0.04949592798948288},"size":12.140406608581543,"orthographic":false}