{"cameraMode":{"drawMode":0,"name":"Shaded","section":"Shading Mode"},"sceneLighting":true,"audioPlay":false,"sceneViewState":{"m_AlwaysRefresh":false,"showFog":true,"showSkybox":true,"showFlares":true,"showImageEffects":true,"showParticleSystems":true,"showVisualEffectGraphs":true,"m_FxEnabled":true},"in2DMode":false,"pivot":{"x":58.16333770751953,"y":53.950103759765628,"z":70.93000030517578},"rotation":{"x":0.013796161860227585,"y":-0.8875622153282166,"z":-0.026634905487298967,"w":-0.4597160220146179},"size":1.9998586177825928,"orthographic":false}