{"cameraMode":{"drawMode":0,"name":"Shaded","section":"Shading Mode"},"sceneLighting":true,"audioPlay":false,"sceneViewState":{"m_AlwaysRefresh":false,"showFog":true,"showSkybox":true,"showFlares":true,"showImageEffects":true,"showParticleSystems":true,"showVisualEffectGraphs":true,"m_FxEnabled":true},"in2DMode":false,"pivot":{"x":16.239532470703126,"y":-4.268548965454102,"z":84.18814849853516},"rotation":{"x":-0.13131731748580934,"y":-0.01219550147652626,"z":0.0016168997390195728,"w":-0.991260826587677},"size":89.90264892578125,"orthographic":false}