{"cameraMode":{"drawMode":0,"name":"Shaded","section":"Shading Mode"},"sceneLighting":false,"audioPlay":false,"sceneViewState":{"m_AlwaysRefresh":false,"showFog":true,"showSkybox":false,"showFlares":true,"showImageEffects":true,"showParticleSystems":true,"showVisualEffectGraphs":true,"m_FxEnabled":true},"in2DMode":false,"pivot":{"x":-0.04371488094329834,"y":-0.6259641647338867,"z":-0.08019882440567017},"rotation":{"x":0.022880323231220247,"y":0.8058422803878784,"z":-0.031213095411658288,"w":0.5908910036087036},"size":0.8660253882408142,"orthographic":false}